country,1970,1971,1972,1973,1974,1975,1976,1977,1978,1979,1980,1981,1982,1983,1984,1985,1986,1987,1988,1989,1990,1991,1992,1993,1994,1995,1996,1997,1998,1999,2000,2001,2002,2003,2004,2005,2006,2007,2008,2009,2010,2011,2012,2013,2014,2015,2016,2017,2018,2019
Afghanistan,0.000132,0.000246,0.000094,0.000156,,,0.0000157,-0.0000813,,0.000324,0.00247,0.0000517,,,,,,,,,,,,,,,,,,,,,0.0123,0.0128,0.0358,0.0436,0.0341,0.0194,0.00455,0.00451,0.012,0.00293,0.00284,0.00235,0.0021,0.0085,0.00483,0.00255,0.00613,0.00123
Albania,,,,,,,,,,,,,,,0,0,0,0,0,0,0,0,0.0307,0.0489,0.0282,0.0293,0.0282,0.021,0.0177,0.0128,0.0411,0.0529,0.031,0.0317,0.0475,0.0326,0.0365,0.0611,0.0968,0.112,0.0914,0.0814,0.0745,0.0982,0.0869,0.0869,0.0881,0.0786,0.0795,0.0791
Algeria,0.0165,0.000118,0.00614,0.00585,0.0271,0.00765,0.0105,0.00851,0.00513,0.000773,0.00823,0.000298,-0.00118,0.0000086,0.0000149,0.0000069,0.0000835,0.0000556,0.00022,0.000217,0.0000054,0.000255,0.000625,0,0,0,0.00575,0.0054,0.0126,0.006,0.00511,0.0203,0.0188,0.0094,0.0103,0.0112,0.0157,0.0125,0.0154,0.02,0.0143,0.0129,0.00718,0.00807,0.00703,-0.00324,0.0102,0.00717,0.00867,
Angola,,,,,,,,,,,0.00631,0.00884,0.0209,0.018,0.011,0.0368,0.0331,0.0147,0.0149,0.0196,-0.0298,0.0627,0.0347,0.0524,0.0384,0.0853,0.024,0.0538,0.171,0.402,0.0962,0.24,0.114,0.201,0.0933,-0.0353,-0.00072,-0.0137,0.019,0.0314,-0.0385,-0.027,-0.0114,-0.0521,0.0251,0.0863,-0.00178,-0.0606,-0.0637,-0.0433
Antigua and Barbuda,,,,,,,,0.0284,-0.0785,0.0779,0.149,0.152,0.14,0.0275,0.0211,0.0648,0.0778,0.114,0.0827,0.0982,0.132,0.114,0.0394,0.0285,0.0421,0.0545,0.0305,0.0337,0.0313,0.0676,0.0519,0.123,0.0809,0.194,0.0874,0.216,0.31,0.258,0.116,0.0659,0.0842,0.0573,0.108,0.114,0.037,0.0853,0.0678,0.107,0.0839,
Argentina,0.00284,0.00377,0.00206,0.00191,0.000247,0.00106,0.00478,0.00254,0.0043,0.00297,0.00881,0.0106,0.00269,0.00178,0.00339,0.0104,0.00517,-0.000171,0.00909,0.0134,0.013,0.0129,0.0194,0.0118,0.0141,0.0217,0.0255,0.0313,0.0244,0.0846,0.0367,0.00806,0.022,0.0129,0.0251,0.0265,0.0238,0.0225,0.0269,0.0121,0.0268,0.0204,0.0281,0.0178,0.00962,0.0198,0.00585,0.0179,0.0228,0.0139
Armenia,,,,,,,,,,,,,,,,,,,,,,,0.00189,0.000666,0.00608,0.0172,0.011,0.0317,0.123,0.0661,0.0545,0.033,0.0466,0.0438,0.0691,0.0596,0.0731,0.0725,0.0809,0.0879,0.0572,0.0644,0.0468,0.0311,0.035,0.0174,0.0316,0.0218,0.0204,0.0186
Australia,0.0216,0.0256,0.0203,0.00212,0.0149,0.00462,0.00998,0.0104,0.0142,0.0111,0.0125,0.0133,0.0118,0.0169,0.00222,0.0116,0.0295,0.0275,0.036,0.0268,0.0272,0.00803,0.0152,0.0171,0.0138,0.0361,0.0114,0.0186,0.019,0.00569,0.0359,0.0283,0.0371,0.0193,0.0701,-0.0362,0.041,0.0521,0.0428,0.0309,0.0307,0.0469,0.0372,0.0343,0.0431,0.0347,0.0356,0.0357,0.0434,0.0277
Austria,0.00733,0.00799,0.00659,0.00545,0.00503,0.00197,0.00212,0.00188,0.00229,0.00254,0.00292,0.00461,0.00292,0.003,0.0017,0.00244,0.00185,0.00319,0.00334,0.00437,0.00392,0.00207,0.00761,0.00591,0.0102,0.00757,0.0182,0.0125,0.0209,0.0137,0.0432,0.0288,0.000648,0.0237,0.0106,0.257,0.0313,0.177,0.0146,0.0357,-0.0562,0.0533,0.0127,0.00105,0.00387,-0.0209,-0.0732,0.0323,0.00927,0.0294
Azerbaijan,,,,,,,,,,,,,,,,,,,,,,,,0.0000025,0.00664,0.108,0.197,0.281,0.23,0.111,0.0246,0.144,0.325,0.551,0.544,0.338,0.214,0.139,0.0816,0.0655,0.0634,0.068,0.076,0.0353,0.0589,0.0763,0.119,0.0702,0.0298,0.0313
Bahamas,0.149,0.0953,0.153,0.152,0.227,0.0295,0.0227,0.044,-0.00132,0.00842,0.00307,0.0241,0.00177,-0.00346,-0.0024,-0.013,-0.00534,0.00398,0.013,0.0083,-0.00537,-0.000418,0.0000965,0.00883,0.00724,0.0312,0.0243,0.0332,0.0215,0.0194,0.031,0.0123,0.0172,0.0214,0.0302,0.0573,0.0695,0.0672,0.0817,0.0665,0.0864,0.0662,0.0491,0.0362,0.023,0.00647,0.0327,0.0251,0.0396,
Bahrain,,,,,,,,,,,-0.136,0.0012,0.00781,0.0172,0.036,0.0277,-0.0105,-0.0106,0.06,0.0468,0.0217,0.134,0.183,-0.0529,0.0374,0.0736,0.336,0.0519,0.029,0.0685,0.0401,0.00895,0.0226,0.0467,0.0658,0.0657,0.158,0.0808,0.0698,0.0112,0.00606,0.0271,0.0502,0.115,0.0455,0.00208,0.00755,0.0146,0.00295,
Bangladesh,,,0.0000143,0.000289,0.000176,0.0000794,0.000536,0.000723,0.00058,-0.000515,0.000469,0.000265,0.000376,0.0000229,-0.0000292,-0.000299,0.000112,0.000132,0.0000692,0.0000086,0.000103,0.0000449,0.000117,0.000424,0.00033,0.00005,0.000291,0.00289,0.0038,0.0035,0.00525,0.00145,0.000956,0.00446,0.00689,0.0117,0.00636,0.00818,0.0145,0.00879,0.0107,0.00983,0.0119,0.0174,0.0147,0.0145,0.0105,0.00725,0.0107,0.00528
Barbados,,,,,0.00769,0.0112,0.0158,0.00993,0.0163,0.0452,0.0289,0.0335,0.0302,0.0131,0.0267,0.00344,0.00501,0.00417,0.0143,0.00433,0.00557,0.00367,0.00738,0.00456,0.00602,0.0288,0.0067,0.0113,0.0104,0.0161,0.0241,0.03,0.0735,0.0575,0.0663,0.102,0.0812,0.102,0.129,0.0797,0.0939,0.0987,0.115,0.0223,0.16,0.146,0.115,0.0575,0.0384,
Belarus,,,,,,,,,,,,,,,,,,,,,,,0.000411,0.00108,0.000703,0.00105,0.00708,0.0249,0.0133,0.0366,0.00933,0.00775,0.0169,0.00964,0.00708,0.0101,0.00966,0.0399,0.036,0.0369,0.0244,0.0648,0.0223,0.0297,0.0236,0.0293,0.0261,0.0233,0.0238,0.0202
Belgium,0.0118,0.0144,0.0104,0.0151,0.0203,0.0145,0.0123,0.0154,0.0142,0.00972,0.0122,0.0132,0.016,0.0148,0.00467,0.0122,0.00608,0.0158,0.0321,0.0427,0.0392,0.0445,0.0481,0.0478,0.0348,0.0371,0.0504,0.0475,0.0878,0.464,0.376,0.373,0.0705,0.109,0.121,0.0873,0.144,0.205,0.37,0.161,0.261,0.313,0.0238,-0.0568,-0.0284,-0.0422,0.121,-0.0717,-0.101,-0.0539
Belize,0.133,0.0564,,,,,,,0.0147,-0.000329,,-0.0102,,,-0.0173,0.0174,0.0199,0.0244,0.0437,0.0505,0.0417,0.0306,0.0301,0.0164,0.0265,0.0339,0.0259,0.0183,0.0256,0.0801,0.0355,0.0704,0.0275,-0.0111,0.106,0.115,0.0899,0.11,0.126,0.0826,0.07,0.0653,0.128,0.0584,0.0849,0.0343,0.0184,0.014,0.0639,
Benin,0.0201,0.00836,0.0117,0.00694,-0.00422,0.00279,0.00351,0.00417,0.000811,0.00301,0.00307,0.00162,-0.0000096,0.0000096,0.0000109,-0.0000861,0.000823,0.000064,-0.0134,-0.000745,-0.00151,0.000198,0.000563,-0.00951,-0.00445,-0.00357,-0.00621,0.00537,0.0046,0.00253,-0.00364,0.00457,-0.00465,0.00199,-0.0066,-0.00134,-0.00176,0.0171,0.00495,-0.00194,0.00561,0.0151,0.0253,0.0288,0.0305,0.0116,0.0111,0.0106,0.00987,
Bhutan,,,,,,,,,,,,,,,,,,,,,0.00534,0.0024,,,,0.000165,0.00442,-0.00191,,0.00251,,,0.00466,0.00558,0.013,0.00779,0.007,0.0632,0.00256,0.0148,0.0486,0.0175,0.0137,0.0116,0.0123,0.00322,0.0055,-0.00676,0.00108,
Bolivia,0.0194,0.00173,0.0129,0.00364,0.0211,0.0256,-0.00296,-0.000372,0.00306,0.00792,0.0104,0.0129,0.00557,0.00129,0.00113,0.00186,0.00253,0.00881,-0.0022,-0.00517,0.00559,0.00973,0.0165,0.0216,0.0218,0.0585,0.0641,0.0922,0.112,0.122,0.0877,0.0867,0.0856,0.0244,0.00746,-0.025,0.0245,0.0279,0.0307,0.0244,0.0317,0.0358,0.0391,0.0571,0.0199,0.0168,0.00988,0.019,0.00751,-0.0039
Bosnia and Herzegovina,,,,,,,,,,,,,,,,,,,,,,,,,,,,,0.0162,0.0377,0.0265,0.0206,0.0403,0.0456,0.084,0.0556,0.0658,0.117,0.0526,0.00786,0.0258,0.0253,0.0228,0.0172,0.0294,0.0236,0.0185,0.0257,0.0242,0.0258
Botswana,,,,,0.000229,-0.108,0.0303,0.0271,0.0691,0.156,0.105,0.0824,0.0208,0.0203,0.0501,0.0481,0.0506,0.0578,0.0151,0.0137,0.0253,-0.00208,-0.000377,-0.069,-0.00332,0.0149,0.0147,0.0199,0.0199,0.00669,0.00988,0.00559,0.075,0.0557,0.0436,0.0424,0.0481,0.0452,0.0476,0.0203,0.0171,0.0191,0.0113,0.00451,0.0317,0.0263,0.00781,0.0102,0.0123,
Brazil,0.00925,0.00913,0.00786,0.0149,0.0115,0.0105,0.0102,0.0104,0.00999,0.0108,0.00813,0.00956,0.0103,0.00791,0.00763,0.00646,0.00129,0.00398,0.00849,0.00266,0.00214,0.00183,0.00514,0.00295,0.0055,0.00632,0.0148,0.0222,0.0369,0.0474,0.0503,0.0415,0.0327,0.0181,0.0272,0.0173,0.0175,0.0319,0.0299,0.0189,0.0373,0.0392,0.0376,0.0304,0.0357,0.0359,0.0414,0.0334,0.0415,0.0427
Brunei,0.478,-0.0889,-0.014,0.00067,0.00194,0.000728,-0.0217,-0.0019,0.00235,0.000125,-0.00397,-0.00254,0.00146,0.000942,0.000211,0.00104,-0.00257,-0.0000254,0.000171,0.00335,0.00199,0.00135,0.00167,0.00195,0.00144,0.123,0.128,0.135,0.142,0.163,0.0916,0.0108,0.0393,0.0189,0.0144,0.0184,0.00766,0.021,0.0154,0.0303,0.0351,0.0373,0.0454,0.0429,0.0332,0.0132,-0.0132,0.0386,0.038,0.0277
Bulgaria,,,,,,,,,,,0,0,0,0,0,0,0,0,0,0,0.000194,0.00511,0.00401,0.00369,0.0109,0.00476,0.00887,0.0446,0.0357,0.0601,0.0756,0.0573,0.0552,0.0992,0.117,0.137,0.229,0.312,0.189,0.0749,0.0366,0.0367,0.0331,0.0358,0.0192,0.043,0.0275,0.0343,0.0185,0.0221
Burkina Faso,0.000873,0.00207,-0.00121,0.00652,0.00355,0.000319,0.0021,0.00439,0.000786,0.000852,0.0000104,0.00137,0.00111,0.00124,0.00114,-0.000921,0.00154,0.000561,0.00142,0.00217,0.000148,0.000182,0.00139,0.00136,0.00969,0.00413,0.00627,0.00399,0.00157,0.00236,0.00782,0.00197,0.00417,0.00616,0.00264,0.00848,0.0128,0.00285,0.00353,0.00602,0.00384,0.0119,0.0262,0.0365,0.0256,0.0196,0.0305,0.000182,0.0166,
Burundi,0.000412,,0.00166,0.00145,0.000637,0.00076,0.000178,-0.000457,0.00146,-0.000383,0.005,0.0114,0.000888,0.00281,0.00121,0.000468,0.00127,0.00121,0.00111,0.000509,0.00111,0.000765,0.000554,0.000505,0.0000043,0.00198,0,0,0,-0.000588,0.0134,-0.000013,0,0,0.0000488,0.000523,0.0000248,0.000369,0.00238,0.000196,0.000384,0.0015,0.000259,0.0476,0.0302,0.016,0.0000187,0.0000998,0.000324,
Cambodia,0.000139,-0.000289,-0.0000198,0.00027,0.00229,,,,,,,,,,,,,,,,,,,0.0214,0.0247,0.0438,0.0837,0.0592,0.0371,0.0291,0.0322,0.0368,0.0306,0.0175,0.0246,0.0603,0.0664,0.1,0.0787,0.0893,0.125,0.12,0.141,0.136,0.111,0.101,0.124,0.126,0.131,0.137
Cameroon,0.0138,0.00138,0.00231,0.00176,0.00958,0.00984,0.00533,0.00259,0.00919,0.0107,0.0193,0.0177,0.0152,0.029,0.00226,0.0388,-0.00854,0.00942,0.00739,-0.0077,-0.0101,-0.00117,0.00256,0.00033,0.000347,0.00157,0.00993,0.0138,0.0052,0.00313,0.0158,-0.00113,0.0436,0.023,0.0039,0.0136,0.00305,0.00848,0.000795,0.0287,0.0205,0.0222,0.0181,0.0169,0.0207,0.0224,0.0203,0.0233,0.0198,
Canada,0.0208,0.0229,0.0187,0.0243,0.0232,0.0195,0.0119,0.0159,0.0171,0.0218,0.0212,0.00217,0.000287,0.0136,0.016,0.00345,0.00718,0.0199,0.0142,0.0127,0.0141,0.00576,0.0118,0.00724,0.0165,0.0226,0.014,0.0233,0.0395,0.0406,0.092,0.0386,0.0323,0.00786,0.00142,0.0219,0.0489,0.0822,0.0453,0.0153,0.0184,0.0214,0.027,0.0363,0.0356,0.0385,0.0224,0.0176,0.0271,0.0258
Cape Verde,,,,,,,,,,,0,0,0,0,0,0,-0.0000458,0.0118,0.00226,0.000651,0.000823,0.00545,0.00126,0.00743,0.00523,0.0537,0.0568,0.0236,0.013,0.091,0.0634,0.016,0.0238,0.0482,0.0732,0.0828,0.119,0.127,0.118,0.0736,0.0698,0.0548,0.0735,0.0483,0.0971,0.0602,0.076,0.0631,0.0549,0.0531
Central African Republic,0.00635,0.00347,0.00651,-0.000737,0.0206,0.0148,0.0082,-0.00561,0.00997,0.0325,0.0067,0.00832,0.0122,0.00678,0.00807,0.00346,0.00727,0.00991,-0.00303,0.00104,0.000484,-0.00354,-0.00756,-0.0078,0.00423,0.00556,0.0108,0.0016,0.00755,0.00598,0.000972,0.00556,0.00569,0.00991,0.0119,0.00755,0.0237,0.0334,0.059,0.0205,0.0287,0.0151,0.0279,0.0011,0.00183,0.00177,0.00397,0.00332,0.0081,
Chad,0.00128,0.000598,-0.000171,0.00943,0.0211,0.0235,0.0309,0.0226,0.0306,-0.00128,-0.000416,-0.000125,-0.000144,-0.000108,0.00999,0.0519,0.0264,0.00702,0.00087,0.0131,0.00541,0.00226,0.00104,0.0104,0.0229,0.0226,0.0246,0.0287,0.0124,0.016,0.0832,0.269,0.465,0.26,0.106,-0.0149,-0.0375,-0.0372,0.045,0.0405,0.0293,0.0232,0.0469,0.0402,-0.0485,0.0511,0.0242,0.0335,0.0589,
Chile,0.00135,-0.00174,-0.0000928,-0.000285,0.000143,0.00656,-0.0000967,0.0015,0.0113,0.0112,0.00734,0.0111,0.0158,0.00663,0.00398,0.00815,0.0167,0.04,0.0372,0.0429,0.02,0.0217,0.0204,0.021,0.0453,0.0403,0.0617,0.0621,0.0567,0.117,0.0624,0.0592,0.0366,0.0532,0.0685,0.0607,0.049,0.0776,0.103,0.0804,0.0733,0.0957,0.113,0.0748,0.0911,0.0863,0.0485,0.0211,0.0204,
China,,,,,,,,,,0.0000004,0.000298,0.00135,0.0021,0.00276,0.00484,0.00536,0.00623,0.00848,0.0102,0.00976,0.00966,0.0114,0.0261,0.0619,0.0599,0.0488,0.0465,0.0473,0.0444,0.0375,0.0348,0.0351,0.0361,0.0349,0.0348,0.0455,0.0451,0.044,0.0373,0.0257,0.04,0.0371,0.0283,0.0304,0.0256,0.0219,0.0156,0.0135,0.0169,0.0109
Colombia,0.00597,0.00551,0.00213,0.00231,0.00331,0.00283,0.00163,0.00334,0.0046,0.00455,0.0047,0.00728,0.00939,0.016,0.0153,0.0293,0.0193,0.00877,0.00518,0.0146,0.0105,0.00929,0.0125,0.0144,0.0177,0.0105,0.032,0.0521,0.0287,0.0175,0.0244,0.0259,0.0218,0.0182,0.0266,0.0703,0.0418,0.0431,0.0436,0.0346,0.0224,0.0437,0.0405,0.0424,0.0424,0.0399,0.049,0.0444,0.0346,0.0448
Comoros,,,,,,,,,,,0,0,0.000815,0,0,0,0,0.0224,0.0106,0.00957,0.000915,0.00591,-0.00316,0.000421,0.000557,0.00223,0.00129,0.0000549,0.00104,0.000709,0.000267,0.00303,0.00102,0.00145,0.00106,0.000855,0.00112,0.00968,0.0051,0.0153,0.0092,0.0226,0.0102,0.00379,0.00407,0.00511,0.00352,0.00364,0.00582,
"Congo, Dem. Rep.",0.00132,0.00103,0.0017,0.00225,0.00542,0.000891,0.0247,0.00147,0.00635,0.00955,0.00762,0.00555,-0.000174,-0.0175,-0.00413,0.00962,0.000686,-0.00719,-0.000445,-0.000677,-0.00155,0.00129,-0.0000887,0.000642,-0.000258,-0.00396,0.0043,-0.00728,0.00987,0.00237,0.00493,0.0137,0.0215,0.0438,0.0397,0.015,0.0177,0.108,0.0873,-0.013,0.127,0.0618,0.0987,0.0519,0.0418,0.0307,0.0251,0.0276,0.0274,
"Congo, Rep.",0.0185,0.151,0.161,0.126,0.0788,0.0201,0.00315,0.0026,0.00461,0.0137,0.0235,0.0155,0.0164,0.0267,0.0159,0.00587,0.0121,0.0189,0.00411,-0.00298,0.00806,0.012,0.000934,0.149,0.00169,0.0533,0.0246,-0.0212,-0.087,-0.029,-0.0304,-0.0484,0.0659,0.0628,0.019,0.132,0.192,0.169,0.164,0.123,0.127,0.0207,-0.00506,0.133,0.203,0.5,0.00559,0.488,0.37,
Costa Rica,0.0268,0.0205,0.0209,0.0247,0.0278,0.0352,0.0257,0.0203,0.0138,0.0108,0.0109,0.0265,0.0111,0.0193,0.0153,0.0178,0.0138,0.0177,0.0265,0.0193,0.0285,0.0249,0.0265,0.0259,0.0285,0.0293,0.0367,0.0326,0.0451,0.0436,0.0484,0.0391,0.0438,0.045,0.0585,0.0766,0.0797,0.0838,0.0796,0.0528,0.0512,0.0647,0.058,0.0644,0.0641,0.054,0.0458,0.0488,0.0456,0.0406
Cote d'Ivoire,0.0211,0.00991,0.0101,0.0203,0.0106,0.0177,0.00961,0.00234,0.0105,0.00818,0.0093,0.00388,0.00627,0.00549,0.00318,0.00418,0.00773,0.00868,0.00504,0.0019,0.00449,0.00177,0.00619,0.0159,0.0141,0.0193,0.0222,0.0354,0.0603,0.019,0.0219,0.0244,0.0172,0.0108,0.0171,0.0204,0.0197,0.0218,0.0193,0.0164,0.0144,0.0119,0.0123,0.013,0.0124,0.0108,0.012,0.0189,0.0107,
Croatia,,,,,,,,,,,,,,,,,,,,,,,,,,0.00482,0.0208,0.025,0.0394,0.0622,0.0468,0.0447,0.0366,0.0532,0.0316,0.04,0.0663,0.0772,0.0747,0.049,0.0258,0.02,0.0259,0.0161,0.0552,0.00106,0.00811,0.00862,0.0199,0.0194
Cyprus,,,,,,0.0369,0.0562,0.0563,0.0592,0.0547,0.0394,0.0375,0.0331,0.0316,0.0231,0.0238,0.015,0.014,0.0145,0.0153,0.0226,0.0142,0.0155,0.0127,0.0101,0.0245,0.0233,0.0572,0.0337,0.0774,0.0856,0.0909,0.0966,0.0624,0.0646,0.063,0.0933,0.0957,0.442,2.49,1.21,1.47,2.8,1.09,2.24,1.46,0.407,0.811,0.209,0.971
Czech Republic,,,,,,,,,,,,,,,,,,,,,,,,0.0161,0.0185,0.043,0.0214,0.0208,0.0556,0.0973,0.0809,0.0835,0.104,0.0203,0.0539,0.101,0.0459,0.073,0.0374,0.0256,0.049,0.0184,0.0455,0.0351,0.0389,0.0091,0.0556,0.052,0.034,0.0379
Denmark,0.00609,0.00655,0.00706,0.0069,0.00703,0.0066,-0.00427,0.00152,0.00148,0.00318,0.00146,0.00161,0.00222,0.000992,-0.00026,0.00177,0.00185,0.000774,0.00436,0.00969,0.00819,0.0112,0.00665,0.012,0.0321,0.0224,0.00412,0.0161,0.0377,0.0947,0.219,0.0564,0.0248,0.00543,-0.035,0.0486,0.00843,0.037,0.0062,0.0117,-0.0365,0.0394,-0.05,0.00198,0.0186,0.00611,0.0249,0.0103,0.00328,-0.0186
Djibouti,,,,,,,,,,,,,,,,0.000674,,0.00112,0.00152,-0.000318,0.000133,0.00495,0.00479,0.00305,0.0029,0.00647,0.00661,0.00617,0.00617,0.00599,0.00596,0.00593,0.00581,0.0229,0.0579,0.0313,0.141,0.23,0.228,0.0923,0.0323,0.0638,0.0813,0.14,0.0691,0.0592,0.0615,0.0599,0.0564,
Dominica,,,,,,,,0.00174,0,0,0,0.0585,0.00223,0.00203,0.0211,0.0251,0.0384,0.089,0.0697,0.0929,0.064,0.0693,0.0872,0.0538,0.0855,0.197,0.0609,0.0697,0.0202,0.0541,0.0528,0.0503,0.0604,0.0917,0.0713,0.0528,0.0664,0.0961,0.123,0.0867,0.0493,0.0283,0.0476,0.036,0.0275,0.0204,0.0714,0.0464,0.0241,
Dominican Republic,0.0482,0.039,0.0219,0.0147,0.0183,0.0178,0.0152,0.0156,0.0134,0.00311,0.0137,0.0105,-0.000169,0.00523,0.00591,0.00718,0.00817,0.0153,0.0197,0.0165,0.0188,0.0149,0.0158,0.0146,0.0142,0.0251,0.00736,0.0204,0.0309,0.0608,0.0407,0.0425,0.0338,0.0285,0.0412,0.031,0.0401,0.0512,0.0567,0.0351,0.0338,0.0379,0.0563,0.0255,0.0355,0.0313,0.0332,0.045,0.0321,0.0318
Ecuador,0.031,0.0589,0.0254,0.0134,0.0116,0.0123,-0.00219,0.00313,0.00408,0.00447,0.00391,0.00275,0.00201,0.00291,0.00296,0.00362,0.00529,0.00882,0.0119,0.0115,0.00827,0.00942,0.00984,0.025,0.0254,0.0185,0.0198,0.0257,0.0311,0.033,-0.00128,0.022,0.0274,0.0269,0.0229,0.0119,0.0058,0.0038,0.0171,0.00494,0.00239,0.00815,0.00645,0.00764,0.00759,0.0133,0.00755,0.00599,0.0135,0.00899
Egypt,0.0000846,0.000268,0.0000032,0.0000693,0.0000141,0.000688,0.00458,0.00728,0.0215,0.0675,0.0253,0.034,0.0106,0.0158,0.0215,0.0302,0.0295,0.0234,0.034,0.0314,0.0171,0.00677,0.011,0.0106,0.0242,0.00994,0.0094,0.0114,0.0127,0.0117,0.0124,0.00522,0.00736,0.00286,0.0159,0.0599,0.0934,0.0887,0.0583,0.0355,0.0292,-0.00205,0.01,0.0145,0.0151,0.0208,0.0244,0.0315,0.0324,0.0297
El Salvador,0.00327,0.0059,0.00522,0.00416,0.0121,0.00695,0.00557,0.00634,0.00747,-0.00288,0.00165,-0.00166,-0.000294,0.00801,0.00338,0.00326,0.0064,0.00463,0.00405,0.00328,0.000394,0.00479,0.00263,0.00246,,0.00426,,0.00578,0.101,0.0191,0.0147,0.0227,0.0371,0.0107,0.0265,0.0348,0.0151,0.0911,0.0502,0.0209,-0.00613,0.00604,0.0201,0.0111,0.0224,0.0211,0.0198,0.0202,0.0158,0.0268
Equatorial Guinea,,,,,,,,,,,,-0.0049,0.0102,0.0117,0.0431,0.0393,0.0737,0.018,0.00497,0.0101,0.0988,0.373,0.0447,0.164,0.169,0.895,1.62,0.121,0.741,0.248,0.148,0.644,0.179,0.278,0.0773,0.0936,0.0465,0.0951,-0.0402,0.109,0.168,0.0925,0.044,0.0266,0.00771,0.0177,0.0048,0.0249,0.0298,
Eritrea,,,,,,,,,,,,,,,,,,,,,,,0,0,0,,0.0529,0.0594,0.000061,0.121,0.0395,0.0161,0.0312,0.0287,0.0217,0.0013,0.0127,0.00547,0.0283,0.049,0.0573,0.0189,,,,,,,,
Estonia,,,,,,,,,,,,,,,,,,,,,,,,0.042,0.0531,0.046,0.0347,0.0532,0.105,0.0566,0.0731,0.0947,0.0459,0.105,0.0895,0.217,0.103,0.135,0.0811,0.0945,0.132,0.0478,0.0771,0.0434,0.0665,-0.031,0.0386,0.0634,0.0384,0.0923
Eswatini,,,0.00457,0.00027,0.0134,0.0502,0.027,0.0658,0.0638,0.135,0.0488,0.0648,-0.0254,-0.0102,0.0101,0.0322,0.0693,0.0964,0.0731,0.0964,0.027,0.071,0.068,0.053,0.0446,0.0305,0.0135,-0.00892,0.0968,0.0635,0.0522,0.019,0.0649,-0.0274,0.0251,-0.0144,0.0368,0.0108,0.0321,0.0184,0.0306,0.0205,0.00542,0.0178,0.00583,0.00773,0.00699,-0.013,0.00661,0.029
Ethiopia,,,,,,,,,,,,0,0,0,0,0,0,0,0,0,0,0,0.0000162,0.000396,0.00248,0.00184,0.00257,0.0336,0.0333,0.00909,0.0163,0.0424,0.0325,0.0539,0.0538,0.0214,0.0357,0.0113,0.00401,0.00683,0.00963,0.0197,0.00643,0.0282,0.0334,0.0407,0.0558,0.0491,0.0399,
Fiji,0.0291,0.0262,0.0268,0.0369,0.0256,0.0206,0.0106,0.0238,0.0147,0.00997,0.0302,0.0293,0.0308,0.0284,0.0198,0.019,0.00623,0.0137,0.0285,0.0259,-0.0227,-0.029,0.0247,-0.00198,-0.0171,-0.0115,-0.0339,-0.0287,0.0123,-0.0757,0.000351,0.0249,0.0166,0.0174,0.0919,0.0575,0.188,0.136,0.193,0.107,0.0567,0.0575,0.0698,0.0582,0.0778,0.0439,0.0794,0.0724,0.0847,0.0583
Finland,0.00158,0.002,0.00251,0.000668,0.00141,0.00232,0.00182,0.00143,0.000932,0.000619,0.000521,0.0019,0.0000172,0.00166,0.00257,0.00201,0.00551,0.00298,0.00488,0.00412,0.00574,-0.00182,0.00352,0.00968,0.00269,0.0108,0.0057,0.0193,0.0934,0.0577,0.107,0.0249,0.0579,0.0348,0.0344,0.0531,0.0214,0.0858,0.0682,-0.035,0.049,-0.0218,0.0191,-0.0182,0.0628,0.0719,0.0203,0.0643,-0.0384,0.0308
France,0.00418,0.00317,0.00323,0.00426,0.00647,0.00433,0.00263,0.00462,0.00488,0.00422,0.00468,0.00401,0.00271,0.00308,0.00452,0.00469,0.00422,0.0055,0.00833,0.0101,0.0104,0.0119,0.0156,0.0157,0.0113,0.0148,0.0137,0.0159,0.0196,0.0308,0.0304,0.0364,0.0345,0.023,0.0168,0.0388,0.0341,0.0315,0.0233,0.00685,0.0147,0.0154,0.0123,0.0112,0.00204,0.0176,0.0133,0.0145,0.0215,0.0247
Gabon,-0.00216,0.0411,0.0404,0.022,0.0515,0.0774,0.0129,0.0124,0.0237,0.0182,0.00737,0.0141,0.0364,0.033,0.00228,0.00452,0.0324,0.0274,0.0346,-0.00729,0.0123,-0.0101,0.0227,-0.026,-0.0238,-0.0394,-0.0501,-0.0215,0.0296,0.0192,0.0549,-0.02,0.000219,0.0153,0.0405,0.034,0.026,0.0526,0.0447,0.0527,0.0365,0.0617,0.0394,0.0184,0.0694,0.0029,0.0885,0.1,0.0502,
Gambia,0.00191,0.0305,0.0287,0.0186,0.0125,0.000868,0.00802,-0.00406,0.0122,0.0597,0.00116,0.00919,0.00125,-0.00187,-0.00959,-0.00222,-0.0107,0.00691,0.00442,0.0483,0.0445,0.0134,0.00885,0.0142,0.013,0.00983,0.0126,0.0145,0.0282,0.0607,0.0556,0.0516,0.0741,0.0375,0.0577,0.0522,0.078,0.061,0.0453,0.0272,0.0241,0.0256,0.0291,0.0497,0.0187,-0.00125,-0.00077,0.00364,0.0203,
Georgia,,,,,,,,,,,,,,,,,,,,,,,,0.0000037,0.00318,,,0.0691,0.0734,0.0294,0.043,0.0341,0.0472,0.0839,0.0961,0.0707,0.151,0.186,0.125,0.0614,0.0752,0.0775,0.0587,0.0609,0.104,0.116,0.109,0.117,0.0692,0.0715
Germany,,0.00441,0.00633,0.00528,0.00489,0.00141,0.00254,0.00158,0.00217,0.00197,-0.000196,-0.00052,0.000603,0.00129,0.000815,0.000725,0.00114,0.00125,-0.00108,0.0037,0.00144,0.00254,-0.001,0.000232,0.00341,0.00466,0.00624,0.00843,0.0132,0.0392,0.128,0.0293,0.0248,0.0262,-0.00726,0.021,0.0292,0.0149,0.0083,0.0167,0.0253,0.026,0.0186,0.018,0.00502,0.0186,0.0187,0.0323,0.0425,0.0133
Ghana,0.0306,0.0127,0.00544,0.00584,0.00493,0.0252,-0.0066,0.00603,0.00265,-0.000697,0.00351,0.00385,0.00404,0.000592,0.000453,0.00124,0.000751,0.000926,0.000962,0.00286,0.00251,0.00303,0.00351,0.021,0.0428,0.0165,0.0173,0.0119,0.0224,0.0316,0.0333,0.0168,0.00956,0.0179,0.0157,0.0135,0.0312,0.0559,0.0952,0.0913,0.0785,0.0826,0.0798,0.0517,0.0627,0.0657,0.0634,0.0552,0.0456,
Greece,0.00381,0.00288,0.00326,0.00277,0.00264,0.000841,0.00979,0.0107,0.00967,0.0113,0.0118,0.00993,0.00798,0.00888,0.0101,0.00935,0.00835,0.0104,0.0119,0.0095,0.0103,0.0108,0.00984,0.00898,0.00841,0.00769,0.00725,0.00687,0.000493,0.00058,-0.000063,0.0000147,0.000222,0.00697,0.00893,0.00278,0.0198,0.00614,0.0162,0.00838,0.00178,0.0038,0.00677,0.0123,0.0114,0.00645,0.0138,0.0169,0.0185,0.022
Grenada,,,,,,,,-0.0014,0.0159,0,0,0,0.0151,0.019,0.0192,0.0245,0.0239,0.0685,0.0634,0.0392,0.0463,0.0508,0.0728,0.0654,0.0594,0.0584,0.0462,0.0854,0.109,0.0862,0.0719,0.113,0.101,0.151,0.109,0.101,0.129,0.206,0.163,0.133,0.0784,0.0548,0.0394,0.0886,0.114,0.154,0.107,0.123,0.132,
Guatemala,0.0154,0.0144,0.00757,0.0135,0.015,0.0219,0.00286,0.0178,0.021,0.017,0.0141,0.0148,0.00884,0.00497,0.00401,0.00636,0.00951,0.0212,0.0421,0.00906,0.00624,0.00964,0.00901,0.0125,0.00502,0.00513,0.00491,0.0355,0.0694,0.0505,-0.0409,-0.0501,-0.0489,0.000889,0.0134,0.0198,0.021,0.0252,0.0187,0.0132,0.0267,0.0184,0.0278,0.0287,0.0243,0.0194,0.0128,0.0139,0.0128,0.0126
Guinea,,,,,,,,,,,,,,,,,0.00437,0.00629,0.00658,0.00507,0.0067,0.0129,0.00599,0.000829,0.0000621,0.000208,0.00614,0.00457,0.00496,0.0183,0.00332,0.000592,0.0102,0.0229,0.0267,0.0357,0.0296,0.0614,0.0548,0.0136,0.0148,0.141,0.0793,0.0000227,-0.0084,0.00606,0.188,0.0559,0.0289,
Guinea-Bissau,,,,,,-0.00119,,0.000348,,0.00194,,,0,0,0.0165,0.01,0.0063,0.00069,0.00413,0.00221,0.00828,0.00813,0.0258,0.0139,0.00182,0.000158,0.00381,0.0427,0.0213,0.00326,0.0019,0.00101,0.00853,0.00841,0.00361,0.0148,0.0302,0.027,0.00767,0.0228,0.0309,0.0228,0.0067,0.0188,0.0274,0.0177,0.0121,0.0116,0.0141,
Guyana,0.0336,-0.00865,0.00876,0.0267,0.00313,0.00162,0.011,-0.00392,0.00793,0.00111,0.000975,-0.00312,0.0092,0.00967,0.0103,0.00399,-0.0178,0.0123,0.00507,-0.00542,0.0199,0.0354,0.392,0.153,0.197,0.12,0.0836,0.0694,0.0613,0.0662,0.0942,0.0786,0.06,0.0351,0.0381,0.0931,0.0702,0.0876,0.0929,0.0796,0.0871,0.0958,0.0971,0.0671,0.0773,0.0431,0.0464,0.0921,0.304,
Haiti,0.00845,0.00937,0.0109,0.015,0.014,0.00387,0.00885,0.00845,0.0103,0.0111,0.00939,0.00564,0.0048,0.00519,0.00246,0.00245,0.00208,0.00229,0.00386,0.00342,0.00258,-0.000518,-0.000975,-0.00149,-0.00129,0.00263,0.00141,0.0012,0.00289,0.00722,0.00335,0.00122,0.00164,0.00466,0.00167,0.00603,0.0338,0.0127,0.00455,0.00842,0.0269,0.0158,0.0198,0.0191,0.0113,0.0121,0.0132,0.0446,0.0109,
Honduras,0.0116,0.0101,0.00374,0.00723,-0.00111,0.00623,0.00389,0.00533,0.00425,0.00796,0.00146,-0.00089,0.00323,0.00469,0.00416,0.00521,0.00528,0.00624,0.00818,0.00939,0.00884,0.0112,0.00963,0.00542,0.0075,0.00935,0.0174,0.0212,0.0156,0.037,0.0493,0.041,0.037,0.0479,0.0675,0.0621,0.0662,0.0788,0.0871,0.0339,0.0383,0.0589,0.0584,0.0578,0.0863,0.0628,0.0528,0.0411,0.06,0.0381
Hungary,,,,,,,,,,,,,,,,,,,,,,0.0421,0.0382,0.0586,0.0265,0.103,0.0705,0.088,0.067,0.069,0.0582,0.0755,0.0539,0.0487,0.0437,0.243,0.162,0.505,0.475,-0.0214,-0.158,0.0761,0.0844,-0.0265,0.0929,-0.0423,0.546,-0.086,-0.415,0.0378
Iceland,0.00853,0.0295,0.00333,-0.0013,0.0087,0.0301,0.00269,0.0019,0.00322,0.00108,0.00658,0.0152,0.0111,-0.00845,0.00478,0.0079,0.00213,0.000434,-0.00242,-0.00482,-0.000741,-0.00266,0.00122,-0.0000002,0.000374,-0.0013,0.0112,0.0195,0.0181,0.00743,0.0172,0.0199,0.00989,0.0294,0.0546,0.184,0.225,0.319,0.0672,0.00483,0.0188,0.073,0.0696,0.0295,0.0432,0.0659,-0.0517,-0.286,-0.0238,-0.018
India,0.000728,0.000708,0.000249,0.000443,0.000572,-0.000105,-0.000075,-0.000297,0.000132,0.000318,0.000425,0.000475,0.000359,0.0000258,0.0000907,0.000456,0.000473,0.000761,0.000308,0.000852,0.000737,0.000272,0.000959,0.00197,0.00297,0.00595,0.00617,0.0086,0.00625,0.00473,0.00765,0.0106,0.0101,0.00606,0.00766,0.00886,0.0213,0.0207,0.0362,0.0265,0.0164,0.02,0.0131,0.0152,0.017,0.0209,0.0194,0.0151,0.0155,0.0176
Indonesia,0.0159,0.032,0.0231,0.0357,0.00706,0.0424,0.0201,0.00513,0.00812,0.0044,0.00248,0.00156,0.0025,0.0036,0.00262,0.00363,0.00323,0.00507,0.00683,0.00722,0.0103,0.0127,0.0139,0.0127,0.0119,0.0215,0.0272,0.0217,-0.00252,-0.0133,-0.0276,-0.0186,0.000741,-0.00254,0.00738,0.0292,0.0135,0.016,0.0183,0.00904,0.0203,0.023,0.0231,0.0255,0.0282,0.023,0.00487,0.0202,0.0181,0.022
Iran,0.00255,0.00475,0.00532,0.0207,0.007,0.00955,-0.00149,0.00429,0.0117,0.00182,0.000857,0.000281,-0.00108,-0.000502,0.000263,-0.000212,-0.000538,-0.0023,0.000492,-0.000161,-0.0029,,,0.00326,0.0000278,0.000176,0.000216,0.000465,0.000218,0.000307,0.000356,0.00322,0.0274,0.0187,0.016,0.0128,0.0087,0.00577,0.0048,0.00716,0.0075,0.00736,0.00778,0.00663,0.00487,0.00533,0.00807,0.0113,,
Iraq,-0.000277,-0.0000466,-0.0000219,-0.00128,-0.000767,-0.00334,0.000076,0.000221,0.0000126,0.0000426,0.0000286,0.000107,0.0000568,-0.0000058,-0.0000587,-0.000024,0.0000195,-0.0000758,-0.0000541,0.0000059,-0.0000379,,,,,,,,,,,,,,0.00819,0.0103,0.00588,0.0109,0.0141,0.0143,0.0101,0.0112,0.0156,-0.00995,-0.0434,-0.0427,-0.0358,-0.0257,-0.0218,-0.0129
Ireland,0.00727,0.0049,0.0049,0.00694,0.00648,0.0167,0.0182,0.0121,0.0256,0.0184,0.0132,0.00983,0.0113,0.00816,0.00603,0.00769,0.00871,0.0095,0.00681,0.00491,0.0126,0.0273,0.026,0.0205,0.015,0.0208,0.0345,0.0245,0.0984,0.185,0.258,0.0884,0.229,0.139,-0.0547,0.222,0.0951,0.222,0.0847,0.228,0.17,0.0998,0.182,0.209,0.336,0.808,0.264,0.174,0.169,-0.204
Israel,0.00695,0.00849,0.013,0.0132,0.00514,0.00293,0.0031,0.00466,0.00232,0.000511,0.00211,0.00447,0.000765,0.00252,0.00307,0.00408,0.00421,0.00547,0.00533,0.00321,0.00256,0.00512,0.00778,0.00796,0.00511,0.0135,0.0127,0.0142,0.015,0.0354,0.0608,0.0135,0.0131,0.0262,0.0218,0.0338,0.0935,0.0492,0.0475,0.0222,0.0298,0.0331,0.0351,0.0405,0.0195,0.0378,0.0376,0.0514,0.0561,0.0461
Italy,0.0055,0.0044,0.00463,0.00384,0.00298,0.00283,0.000486,0.00438,0.00152,0.00106,0.00121,0.00261,0.00144,0.0027,0.003,0.00236,-0.000239,0.0052,0.00761,0.00236,0.00545,0.00193,0.00236,0.00351,0.00201,0.00412,0.0027,0.00297,0.00208,0.00554,0.0115,0.0127,0.0136,0.0124,0.0111,0.0198,0.0293,0.0298,-0.00396,0.00758,0.00465,0.015,0.0000167,0.00912,0.00789,0.00725,0.0137,0.00568,0.019,0.0146
Jamaica,0.115,0.114,0.052,0.0385,0.0128,0.0215,-0.000202,-0.00298,-0.0101,-0.0109,0.0103,-0.00386,-0.0048,-0.00517,0.00514,-0.00429,-0.00167,0.0162,-0.00313,0.013,0.03,0.0327,0.0403,0.0144,0.0146,0.0156,0.0184,0.0186,0.0368,0.0536,0.0467,0.0628,0.0458,0.0727,0.0551,0.0569,0.0708,0.0633,0.101,0.0402,0.0141,0.012,0.0279,0.0382,0.0419,0.0652,0.0659,0.06,0.0493,
Japan,0.000442,0.000874,0.000531,-0.0000972,0.000421,0.000433,0.000193,0.0000291,0.0000079,0.000226,0.000251,0.000155,0.000387,0.000335,-0.0000076,0.000435,0.000117,0.000465,-0.000158,-0.000347,0.000576,0.000358,0.000705,0.0000472,0.000181,0.0000076,-0.0000079,0.000563,0.000623,0.00324,0.00219,0.00114,0.00281,0.00197,0.00156,0.00115,-0.000529,0.00479,0.00489,0.00234,0.00131,-0.000138,0.0000882,0.00207,0.00407,0.0012,0.00832,0.00386,0.00497,0.00732
Jordan,,,0.00071,0.00226,0.0057,0.0188,-0.00441,0.00536,0.0217,0.00806,0.00865,0.0321,0.0127,0.00709,0.0156,0.005,0.00355,0.00585,0.00378,-0.00032,0.00905,-0.00274,0.00755,-0.0059,0.000451,0.00195,0.00221,0.0491,0.0386,0.0191,0.106,0.0301,0.0245,0.0529,0.081,0.155,0.232,0.151,0.127,0.0999,0.063,0.0508,0.0494,0.0571,0.06,0.0421,0.0396,0.0499,0.0225,
Kazakhstan,,,,,,,,,,,,,,,,,,,,,,,0.00401,0.0543,0.031,0.0473,0.0541,0.0596,0.052,0.0941,0.0749,0.127,0.105,0.0805,0.13,0.0446,0.094,0.114,0.126,0.124,0.0504,0.0714,0.0656,0.0423,0.033,0.0357,0.125,0.0283,0.00119,0.0199
Kenya,0.00861,0.00416,0.00299,0.0069,0.00788,0.00526,0.0133,0.0126,0.00649,0.0135,0.0109,0.00206,0.00202,0.00397,0.00174,0.0047,0.00452,0.00494,0.0000472,0.00751,0.00666,0.00231,0.000775,0.0253,0.00104,0.00467,0.00902,0.00473,0.00188,0.00403,0.00873,0.000408,0.0021,0.00548,0.00286,0.00113,0.00196,0.0228,0.00266,0.00314,0.00445,0.0346,0.0274,0.0203,0.0134,0.00968,0.00569,0.0085,0.0185,
Kiribati,,,,,,,,,,0,0,0,0,-0.0238,0,0.00683,0.00331,0.00652,0.00598,0.00438,0.00753,0.009,0.00852,-0.0164,0.00787,0.00688,0.00809,0.00758,0.00673,0.00654,0.0107,-0.00433,0.00346,0.00743,0.0191,0.0232,0.00516,0.00869,-0.00899,0.0377,-0.0423,-0.00192,-0.0125,0.00453,0.0146,-0.00479,0.0101,0.00419,-0.00582,
Kuwait,0.00904,0.0000026,0.0000022,0.0000555,0.0000092,0.0000208,-0.0000388,0.0000941,0.000049,0.0000517,0.000029,0.0000483,-0.0000042,0.0000019,-0.000278,0.000338,-0.000812,-0.000283,0.000789,0.00015,0.000304,0.0000727,0.00178,0.000554,0.0611,0.000246,0.011,0.000652,0.00228,0.0024,0.000432,-0.0032,0.0000949,-0.0014,0.0004,0.00289,0.00119,0.000973,-0.0000404,0.0105,0.0113,0.0212,0.0165,0.00823,0.00299,0.00248,0.00267,0.000936,-0.000152,
Kyrgyz Republic,,,,,,,,,,,,,,,,,,,,,,,,0.00493,0.0227,0.0579,0.0258,0.0474,0.0664,0.0356,-0.00172,0.00328,0.0029,0.0237,0.0793,0.0173,0.0642,0.0547,0.0733,0.0404,0.0986,0.111,0.0395,0.0834,0.0459,0.171,0.0909,-0.0139,0.0174,
Lao,,,,,,,,,,,,,,,0,-0.000684,0,0,0.00334,0.0056,0.00693,0.00671,0.00692,0.0225,0.0384,0.0539,0.0853,0.0521,0.0359,0.0542,0.0196,0.0135,0.00253,0.00963,0.00715,0.0101,0.0542,0.0766,0.0418,0.0546,0.0391,0.0344,0.0606,0.0571,0.0654,0.0749,0.0592,0.1,0.0735,
Latvia,,,,,,,,,,,,,,,,,,,,,,,,,,0.0423,0.0557,0.0729,0.052,0.0463,0.0409,0.0208,0.0168,0.027,0.0412,0.0479,0.0796,0.0878,0.0402,-0.00571,0.02,0.0533,0.0384,0.0327,0.0332,0.03,0.012,0.0375,0.013,0.0264
Lebanon,,,,,,,,,,,,,,,,,,,-0.0000815,0.000585,0.00227,0.000348,0.00316,0.000932,0.00235,0.00299,0.00584,0.114,0.0658,0.0501,0.0576,0.0824,0.0698,0.142,0.0897,0.122,0.121,0.136,0.149,0.136,0.111,0.0786,0.0707,0.0567,0.0595,0.0432,0.0502,0.0475,0.0479,
Lesotho,,,,,,0,0,0.00228,0.000075,0.000689,0.0104,0.011,0.0093,0.0131,0.00725,0.0182,0.00707,0.0147,0.0454,0.0277,0.0276,0.0113,0.0101,0.0187,0.0493,0.0241,0.0307,0.0327,0.0305,0.0241,0.0365,0.036,0.0366,0.038,0.0368,0.0163,0.0135,0.0441,0.00626,0.0515,0.00419,0.0233,0.0224,0.0208,0.0378,0.0871,0.0735,0.0512,0.05,0.0478
Liberia,,,,,,,,,,,,,,,,,,,,,,,,,,,,,,,0.0238,0.00916,0.00302,0.498,0.084,0.0873,0.0964,0.0959,0.164,0.0723,1.03,0.87,0.849,0.652,0.16,0.0732,0.0951,0.0754,0.0396,
Libya,,,,,,,,,,,,,,,,,,,,,0.0055,0.00287,0.00292,0.0019,-0.00254,-0.00346,-0.00401,-0.00221,-0.00469,-0.00356,0.00368,-0.0039,0.00708,0.00544,0.0108,0.0219,0.0376,0.0695,0.0472,0.0218,0.0239,0,0.0174,0.0107,0,0,0,0,0,
Liechtenstein,,,,,,,,,,,,,,,,,,,,,,,,,,,,,,,7.99,3.77,2.55,5.64,0.534,-0.073,11.1,7.29,3.19,6.65,5.88,4.6,5.4,0.181,1.4,12.8,9.73,5.95,,
Lithuania,,,,,,,,,,,,,,,,,,,,,,,,,,0.00922,0.0182,0.0358,0.0817,0.0514,0.033,0.0361,0.0463,0.0116,0.0385,0.0495,0.0748,0.0655,0.0361,-0.00962,0.0298,0.0433,0.0158,0.0154,0.00735,0.0252,0.0224,0.025,0.0162,0.025
Luxembourg,,,,,,,,,,,,,,,,,,,,,,,,,,,,,,,,,0.18,0.145,0.149,0.124,0.76,-0.583,0.127,0.531,0.735,0.147,0.45,0.259,0.285,0.216,0.525,-0.106,-0.0792,
Madagascar,0.00899,0.0009,0.00894,0.00665,0.00715,0.002,0.000633,-0.00117,-0.00138,-0.0019,-0.000152,-0.000168,-0.0000188,0.000792,0.00219,-0.0000473,0.00323,0.00108,0.000912,0.00404,0.00569,0.0042,0.00569,0.00378,0.00163,0.00253,0.00206,0.00329,0.00378,0.0136,0.0179,0.0171,0.00274,0.00202,0.0104,0.0146,0.0461,0.0926,0.106,0.134,0.0914,0.0706,0.0704,0.0455,0.0443,0.029,0.0456,0.0353,0.0442,
Malawi,0.0296,0.0263,0.0249,0.0173,0.0414,0.0361,0.0145,0.00687,0.00962,-0.00116,0.00766,0.000902,0.00508,0.00209,0.0226,0.000463,-0.00248,0.0000765,0.0126,0.00584,0.0124,-0.013,-0.00395,0.00386,0.0211,0.00404,0.00693,0.00558,0.00691,0.033,0.0149,0.0112,0.00169,0.0205,0.031,0.0382,0.00889,0.0281,0.0367,0.00794,0.0139,0.102,-0.00147,0.0818,0.0989,0.081,0.0213,0.0143,0.0148,
Malaysia,0.0243,0.0236,0.0226,0.0224,0.0601,0.0377,0.0345,0.0309,0.0306,0.027,0.0381,0.0506,0.0521,0.0415,0.0235,0.0223,0.0176,0.0131,0.0204,0.0429,0.053,0.0814,0.0876,0.0748,0.0583,0.0471,0.0504,0.0514,0.03,0.0492,0.0404,0.00597,0.0317,0.0292,0.0351,0.0273,0.0473,0.0469,0.0328,0.000567,0.0427,0.0507,0.0283,0.0349,0.0314,0.0327,0.0447,0.0294,0.0239,
Maldives,,,,,,,,,,,-0.00306,-0.00067,-0.0601,0.00415,-0.00128,0.00952,0.0381,0.0361,0.00712,0.0232,0.026,0.0266,0.0232,0.0214,0.0246,0.0181,0.0207,0.0224,0.0213,0.0209,0.0357,0.0236,0.0276,0.0302,0.0431,0.0455,0.0405,0.0709,0.0798,0.0674,0.0836,0.153,0.079,0.11,0.0902,0.0725,0.104,0.0967,0.101,
Mali,,-0.0014,0.00699,0.00106,-0.000278,0.00315,0.00274,0.00291,-0.000725,0.00192,0.00134,0.00239,0.00114,0.00243,0.00817,0.00208,-0.00452,-0.00286,0.00325,0.00292,0.00214,0.000442,-0.00773,0.00144,0.00837,0.0412,0.00979,0.0276,0.00327,0.00901,0.0204,0.0603,-0.00317,0.0154,0.0156,0.0256,0.0215,0.0253,0.0272,0.0634,0.0348,0.0428,0.032,0.0232,0.01,0.021,0.0254,0.0364,0.0272,
Malta,0.0463,0.0436,0.0151,0.0149,0.0283,0.0334,0.0267,0.0295,0.0271,0.0162,0.0213,0.0314,0.0169,0.021,0.0238,0.017,0.0152,0.0111,0.0202,0.0244,0.0118,0.0327,0.028,0.0208,0.0506,0.114,0.0877,0.037,0.0824,0.162,0.183,0.103,-0.111,0.168,1.24,3.4,3.71,4.52,1.65,0.169,1.06,0.82,0.361,0.0502,0.0138,0.341,0.275,0.312,0.325,0.303
Marshall Islands,,,,,,,,,,,,,,,,,,,,,,,,,,,,,,,0.00641,0.00602,0.00637,-0.00877,0.00864,0.0231,0.0129,0.0454,0.0372,0.0965,-0.0577,-0.0251,0.117,0.173,0.049,-0.0292,-0.0152,0.0274,0.0441,
Mauritania,0.00259,0.012,0.00539,0.02,0.00591,-0.174,0.00201,0.00516,0.00355,0.0664,0.0259,0.0113,0.0135,0.00117,0.00794,0.00691,0.00378,0.00125,0.00136,0.00239,0.00447,0.00106,0.00349,0.00871,0.00107,0.00334,-0.000204,-0.00161,0.0000653,0.00761,0.0225,0.0439,0.0379,0.0497,0.171,0.277,0.0386,0.0322,0.0667,-0.00065,0.0232,0.087,0.206,0.156,0.0762,0.0814,0.0424,0.087,0.01,
Mauritius,,,,,,,0.00446,0.00276,0.00431,0.00144,0.00103,0.000588,0.00162,0.00149,0.00474,0.0074,0.00508,0.00912,0.0111,0.0164,0.0155,0.00608,0.00456,0.00451,0.00562,0.00463,0.00829,0.0132,0.00292,0.0114,0.057,-0.006,0.00662,0.0108,0.00211,0.00644,0.0152,0.0418,0.0378,0.0281,0.043,0.0376,0.0505,0.0242,0.0356,0.0185,0.031,0.0334,0.0262,
Mexico,0.00879,0.00783,0.00395,0.00827,0.00707,0.00521,0.00822,0.004,0.00642,0.0099,0.0102,0.0117,0.0103,0.014,0.00837,0.0102,0.0178,0.0179,0.0159,0.0143,0.0101,0.0152,0.0121,0.00877,0.0208,0.0265,0.0224,0.0256,0.0242,0.0232,0.026,0.0397,0.0312,0.025,0.0319,0.0297,0.0213,0.0314,0.0291,0.0213,0.0197,0.0209,0.0146,0.0369,0.0231,0.0305,0.035,0.0285,0.0317,0.023
"Micronesia, Fed. Sts.",,,,,,,,,,,,,,,,,,,,,,,,,,,,,,,,,,,,,,,,0,0,0,0,0,0.0633,,,,,
Moldova,,,,,,,,,,,,,,,,,,,,,,,,,,0.0382,0.014,0.0408,0.0445,0.0323,0.099,0.0699,0.0506,0.0372,0.0581,0.0638,0.0759,0.122,0.12,0.0478,0.0416,0.0427,0.0288,0.0255,0.0363,0.0291,0.011,0.016,0.0272,0.0496
Mongolia,,,,,,,,,,,,0,0,0,0,0,0.0000483,0,0,,,0.00467,0.00152,0.01,0.00745,0.00675,0.0118,0.0212,0.0168,0.0287,0.0472,0.0497,0.0557,0.0825,0.0466,0.0743,0.0719,0.088,0.15,0.136,0.235,0.439,0.348,0.164,0.0276,0.00803,-0.372,0.131,0.149,0.176
Montenegro,,,,,,,,,,,,,,,,,,,,,,,,,,,,,,,,,,,,,,0.255,0.215,0.373,0.183,0.123,0.151,0.1,0.108,0.173,0.0518,0.115,0.0882,0.0827
Morocco,0.00506,0.0053,0.00256,0.00088,-0.00266,0.000559,0.00397,0.000723,0.000888,0.000467,0.00412,0.00329,0.0045,0.00284,0.00317,0.00133,0.0000282,0.00274,0.00329,0.00635,0.00547,0.00983,0.0125,0.0155,0.0155,0.00858,0.00828,0.0276,0.00738,0.0199,0.011,0.0716,0.0114,0.0444,0.015,0.0268,0.0359,0.0358,0.0267,0.0212,0.0133,0.0249,0.0289,0.0315,0.032,0.0321,0.0208,0.0244,0.0301,0.0135
Mozambique,,,,,,,,,,,,,,,,,,,,,,0.00607,0.00957,0.0117,0.0125,0.0155,0.0174,0.0129,0.0418,0.0648,0.0251,0.0481,0.0618,0.0538,0.0627,0.0144,0.0274,0.04,0.051,0.0782,0.114,0.255,0.345,0.395,0.282,0.243,0.262,0.175,0.182,
Myanmar,,,,,,,,,,,,,,,,,,,,,,,,,,,,,,,0.0286,0.0322,0.0222,0.0238,0.02,0.0196,0.019,0.0352,0.0271,0.0292,0.0182,0.042,0.0223,0.0374,0.0332,0.0602,0.0488,0.0581,0.017,
Namibia,,,,,,,,,,,,,,,,0.0102,0.00498,-0.000074,-0.000606,-0.00019,0.0106,0.0402,0.0345,0.0172,0.0269,0.0388,0.0326,0.0222,0.0251,0.0134,0.0512,0.109,0.045,0.0135,0.0345,0.0547,0.0779,0.0766,0.0884,0.0934,0.0255,0.0651,0.0799,0.0647,0.0361,0.0719,0.0348,0.0293,0.0136,-0.00101
Nauru,,,,,,,,,,,,,,,,,,,,,,,,,,,,,,,,,,,,,,,,,0,0,0,0,0,0,0,0,0,
Nepal,,,0.0000293,-0.0000103,0.000205,,-0.0000275,0,0.000256,0.000162,0.000154,-0.000101,-0.0000125,-0.000245,0.000368,0.000248,0.00041,0.00047,0.000195,0.000119,0.00164,0.000566,0,0,0,0,0.00424,0.00469,0.00248,0.000864,-0.0000882,0.00347,-0.000984,0.00233,-0.0000574,0.000302,-0.000735,0.000556,0.0000793,0.00298,0.00548,0.00497,0.00488,0.00385,0.00152,0.00242,0.005,0.00779,0.00234,
Netherlands,0.0166,0.0169,0.0138,0.0156,0.0126,0.0123,0.00532,0.00477,0.00694,0.00955,0.0117,0.011,0.00775,0.00885,0.0119,0.0105,0.0156,0.0124,0.0183,0.0331,0.0335,0.0172,0.017,0.018,0.0188,0.027,0.0369,0.0265,0.0859,0.0921,0.152,0.121,0.054,0.0353,0.213,0.306,0.512,0.866,0.206,0.11,0.137,0.367,0.286,0.375,0.132,0.419,0.308,0.115,-0.262,0.0309
New Zealand,0.0225,0.0139,0.0132,0.0162,0.018,0.0107,0.0204,0.00999,0.0148,0.0169,0.0144,0.00725,0.0114,0.01,0.00536,0.00913,0.0127,0.00588,0.00345,0.00987,0.037,0.0396,0.0261,0.0473,0.0473,0.0446,0.0559,0.029,0.0325,0.016,-0.0287,0.00481,0.0428,-0.0381,0.0223,0.0166,0.0261,0.0316,0.0194,-0.000432,0.00195,0.00818,0.0218,-0.000364,0.0162,-0.000413,0.00996,0.0102,0.0102,0.0191
Nicaragua,0.0193,0.0161,0.0114,0.0121,0.00907,0.00685,0.00698,0.00446,0.00327,0.00183,0.00572,-0.0000123,0.00404,0.0000365,0.0024,-0.0000037,0.0000208,0.000626,-0.0000342,0.00276,0.000664,0.0282,0.00837,0.0221,0.0121,0.0215,0.0279,0.0463,0.0471,0.0695,0.0522,0.0282,0.039,0.0378,0.0431,0.0381,0.0424,0.0514,0.0738,0.0523,0.0559,0.0958,0.0729,0.0743,0.0744,0.0745,0.0676,0.056,0.0275,
Niger,0.00419,-0.00764,0.00121,0.00106,0.00673,0.0215,0.00929,0.00995,0.024,0.0222,0.0196,-0.00282,0.014,0.000674,0.00099,-0.00651,-0.00652,0.00287,0.000945,-0.000718,0.0115,0.0034,0.0165,-0.0153,0.00209,0.000965,0.00357,0.00825,-0.000672,0.000637,0.00704,0.00924,0.00283,0.00547,0.00652,0.0114,0.0085,0.0174,0.0392,0.0871,0.102,0.123,0.0898,0.0708,0.0761,0.0548,0.0293,0.0303,0.0363,
Nigeria,0.0163,0.0311,0.0248,0.0246,0.0103,0.0169,0.00934,0.0122,0.00577,0.00655,-0.0115,0.0033,0.00302,0.00375,0.00257,0.00658,0.00353,0.0116,0.00763,0.0428,0.0109,0.0145,0.0188,0.0485,0.0579,0.00762,0.00978,0.00862,0.00549,0.0169,0.0164,0.0161,0.0196,0.0191,0.0137,0.0283,0.0206,0.0219,0.0243,0.0293,0.0166,0.0215,0.0154,0.0108,0.00826,0.0062,0.011,0.00932,0.00502,
North Macedonia,,,,,,,,,,,,,,,,,,,,,,,,,0.00675,0.00203,0.00241,0.00401,0.0402,0.0236,0.0577,0.127,0.0284,0.0241,0.0544,0.0232,0.0623,0.088,0.0617,0.0276,0.032,0.0484,0.0347,0.0372,0.00536,0.0295,0.0515,0.0337,0.0514,0.0376
Norway,0.00499,0.00645,0.00697,0.00927,0.0127,0.00668,0.0103,0.0185,0.0105,0.00755,0.000928,0.0105,0.00718,0.00539,-0.00286,-0.00648,0.0129,0.00202,0.00276,0.0147,0.00836,-0.0029,-0.00511,0.00822,0.0215,0.0157,0.0234,0.028,0.0366,0.0359,0.0487,0.0183,0.0154,0.0183,0.0186,0.0326,0.0344,0.0619,0.0445,0.0224,0.0505,0.0207,0.0548,-0.00262,0.00651,0.0189,-0.0506,0.0148,-0.0153,0.00445
Oman,0.0118,-0.000897,0.00466,0.00308,-0.0371,0.0507,0.0318,0.0175,0.0315,0.0315,0.0165,0.00861,0.0241,0.0195,0.0179,0.0161,0.0192,0.00446,0.0109,0.012,0.0122,0.0119,0.00838,0.0114,0.00592,0.00335,0.00397,0.00407,0.00724,0.00255,0.0042,0.000267,0.00542,0.00115,0.00448,0.0495,0.0429,0.0792,0.0485,0.0307,0.0218,0.024,0.0178,0.0205,0.0159,-0.0318,0.0346,0.0413,0.08,
Pakistan,0.00229,0.0000938,0.00181,-0.000627,0.000449,0.00223,0.000624,0.00101,0.00181,0.00296,0.00269,0.00385,0.00208,0.00103,0.00178,0.00422,0.00331,0.00388,0.00485,0.00524,0.00613,0.00566,0.00688,0.00673,0.00805,0.0119,0.0146,0.0115,0.00814,0.00845,0.00376,0.00476,0.0103,0.00582,0.0104,0.0183,0.0311,0.0367,0.032,0.0139,0.0114,0.00621,0.00383,0.00577,0.00772,0.00618,0.00924,0.0082,0.00552,0.00797
Palau,,,,,,,,,,,,,,,,,,,,,,,,,,,,,,,0.0217,-0.00914,0.0117,0.0299,0.0415,0.0215,0.176,0.0225,0.0239,0.0152,0.0146,0.0431,0.103,0.0808,0.164,0.123,0.117,0.096,0.0757,
Palestine,,,,,,,,,,,,,,,,,,,,,,,,,,0.0373,0.052,0.0434,0.0514,0.0444,0.0144,0.00479,0.00265,0.00324,0.00474,0.0075,0.00379,0.00356,0.00772,0.0413,0.0202,0.0228,0.00558,0.0152,0.0126,0.00828,0.0221,0.014,0.018,
Panama,,,,,,,,0.00398,-0.00077,0.0134,0.0547,0.0581,0.0635,0.0134,0.00359,0.0103,0.0185,-0.0656,-0.078,0.0087,0.0211,0.0176,0.0187,0.0202,0.0429,0.0294,0.0434,0.123,0.114,0.086,0.0673,0.0485,0.019,0.0767,0.0851,0.0674,0.162,0.104,0.095,0.04,0.0866,0.127,0.0836,0.0833,0.0998,0.0946,0.0906,0.0639,0.0913,0.0908
Papua New Guinea,0.201,0.0662,0.1,0.0861,0.0495,-0.00164,0.0138,0.0121,0.02,0.0193,0.0297,0.0345,0.0363,0.0542,0.0453,0.0344,0.0343,0.0296,0.042,0.0574,0.0483,0.0318,0.0243,0.0125,0.0109,0.0981,0.0213,0.00574,0.0289,0.0857,0.0274,0.0205,0.00672,0.0477,0.00829,0.00822,0.0154,0.0137,0.0041,0.0361,0.0025,0.00203,0.00135,0.00126,0.00127,0.00984,0.000924,0.0071,0.0485,
Paraguay,0.00799,0.0107,0.00453,0.00924,0.0177,0.0161,0.0129,0.0104,0.00961,0.0147,0.00713,0.00567,0.00675,0.000864,0.00115,0.000213,0.000161,0.00133,0.00197,0.00269,0.0132,0.0123,0.0164,0.0103,0.0174,0.0104,0.0143,0.0232,0.0368,0.00987,0.0122,0.0117,0.0126,-0.0075,0.00976,0.00068,0.014,0.00588,0.0137,0.0012,0.0204,0.0138,0.0218,0.0081,0.0136,0.0133,0.0137,0.0155,0.00958,0.0102
Peru,-0.00188,-0.000388,0.00656,0.0087,0.0045,0.00481,0.00451,0.0037,0.002,0.00445,0.00148,0.00577,0.0022,0.00219,-0.00506,0.0000604,0.00144,0.00155,0.00168,0.00262,0.00155,-0.000204,-0.0022,0.0218,0.0733,0.048,0.0628,0.0368,0.0296,0.0387,0.0156,0.022,0.0394,0.0227,0.0239,0.0339,0.0391,0.0537,0.0574,0.0532,0.0573,0.0447,0.0707,0.0488,0.0196,0.0438,0.0351,0.0325,0.0292,
Philippines,-0.000155,0.00291,0.000511,0.00588,0.00949,0.00765,0.00898,0.0107,0.00445,0.000255,-0.00327,0.00483,0.000431,0.00316,0.000286,0.00039,0.00425,0.00925,0.0247,0.0132,0.012,0.012,0.0043,0.0228,0.0248,0.0199,0.0183,0.0148,0.0317,0.022,0.0178,0.00963,0.021,0.00565,0.00623,0.0155,0.0212,0.0187,0.0074,0.0117,0.00514,0.00857,0.0123,0.0132,0.0193,0.0184,0.026,0.0312,0.0287,0.0203
Poland,,,,,,,,,,,,,,,,,,,,,0.00135,0.0034,0.00719,0.0179,0.0169,0.0257,0.0281,0.0309,0.0366,0.0436,0.0543,0.0298,0.0206,0.0247,0.0544,0.0361,0.0623,0.0583,0.0273,0.0319,0.0384,0.035,0.0147,0.00152,0.0363,0.0315,0.0388,0.0223,0.0284,0.0254
Portugal,0.00356,0.00609,0.0065,0.0063,0.00605,0.00596,0.0031,0.0027,0.00281,0.00294,0.00477,0.00546,0.00472,0.00539,0.00786,0.0101,0.00615,0.00967,0.0164,0.0287,0.0332,0.0274,0.0174,0.0161,0.0127,0.0058,0.0128,0.0232,0.049,0.00581,0.0616,0.0503,0.00438,0.0628,0.0131,0.0171,0.0642,0.025,0.0298,0.0229,0.0377,0.0401,0.0989,0.0696,0.0525,0.00637,0.0357,0.0482,0.0324,0.0348
Qatar,0.0189,0.0705,0.0000196,0.00166,0.0054,0.00363,0.0000609,0.000558,0.0022,0.000811,0.00138,0.000436,0.000488,0.000147,-0.00223,0.0013,-0.000291,-0.000545,-0.00342,-0.000231,0.000663,0.00618,0.00518,0.0101,0.0179,0.0115,0.0374,0.037,0.0339,0.00914,0.0142,0.0168,0.0322,0.0266,0.0378,0.0561,0.0575,0.059,0.0328,0.0831,0.0373,0.00559,0.00212,-0.00423,0.00504,0.00662,0.0051,0.00591,-0.0114,-0.0153
Romania,,,,,,,,,,,,,,,,,,0,0,0,0.0000003,0.00138,0.00307,0.00357,0.0113,0.0112,0.00712,0.0342,0.0487,0.029,0.0278,0.0286,0.0248,0.0319,0.0859,0.066,0.0902,0.0579,0.0638,0.0266,0.0193,0.0129,0.0178,0.0202,0.0194,0.0243,0.0332,0.0281,0.0304,0.0276
Russia,,,,,,,,,,,,,,,,,,,,,,,0.00252,0.00278,0.00175,0.00522,0.00658,0.012,0.0102,0.0166,0.0103,0.00929,0.0101,0.0184,0.0261,0.0203,0.038,0.043,0.045,0.0299,0.0283,0.0269,0.0229,0.0302,0.0107,0.00503,0.0255,0.0181,0.00526,0.0187
Rwanda,0.000273,0.00762,0.00203,0.00688,0.00713,0.00525,0.00919,0.00663,0.00518,0.0113,0.0131,0.0128,0.0147,0.00752,0.00949,0.00852,0.00904,0.00813,0.00879,0.00646,0.003,0.0024,0.00271,0.00296,0.0000013,0.00155,0.00161,0.0014,0.00357,0.000957,0.00467,0.011,0.000894,0.00255,0.00369,0.00308,0.0092,0.0202,0.0197,0.0208,0.0407,0.0172,0.0332,0.0328,0.038,0.026,0.0305,0.0292,0.0313,
Samoa,,,,,,,,,,,,,0.00132,-0.000894,0.0000916,0.0045,-0.00198,0.00492,0.000902,0.00127,0.0525,0.0254,0.0378,0.0376,0.0136,0.0153,0.00464,0.07,0.0111,-0.00278,-0.00449,0.00518,0.00555,0.00804,0.0059,0.00808,0.0433,0.012,0.0741,0.0169,-0.002,0.0122,0.0274,0.0179,0.0302,0.0341,0.00315,0.0111,0.0204,
San Marino,,,,,,,,,,,,,,,,,,,,,,,,,,,,,,,-0.00382,0.000214,,,-0.000377,0.000101,0.0000314,0.000178,,,,,,,,,,,,
Sao Tome and Principe,,,,,,,,,,,,,,,,,,,,,,,,,,,,,,,,0.0395,0.0423,0.0333,0.0306,0.115,0.266,0.242,0.421,0.0825,0.256,0.138,0.089,0.0401,0.0759,0.0877,0.0671,0.0912,0.0561,
Saudi Arabia,0.00137,-0.0155,0.0035,-0.0419,-0.0822,0.0399,-0.0062,0.0106,0.00693,-0.0114,-0.0194,0.0353,0.0726,0.0383,0.0405,0.00473,0.0111,-0.0137,-0.00372,-0.00685,0.0158,0.00121,-0.000576,0.0103,0.00258,-0.0131,-0.00711,0.0183,0.0292,-0.00482,-0.00993,0.000107,-0.00324,-0.00272,-0.00129,0.0368,0.0485,0.0585,0.0759,0.085,0.0553,0.0243,0.0166,0.0119,0.0106,0.0124,0.0116,0.00206,0.0054,0.00575
Senegal,0.00385,0.00732,0.00938,0.00263,0.00489,0.00796,0.0125,0.00952,-0.00153,0.00219,0.00327,0.00855,0.00713,-0.00988,0.00849,-0.00421,-0.00159,-0.000621,0.00237,0.00431,0.00786,-0.00106,0.00281,-0.000113,0.0136,0.00513,0.00218,0.0302,0.0112,0.0248,0.0138,0.0073,0.0122,0.00996,0.0135,0.0152,0.0245,0.0246,0.0269,0.0204,0.0168,0.0189,0.0155,0.0164,0.0204,0.023,0.0248,0.028,0.0365,
Serbia,,,,,,,,,,,,,,,,,,,,,,,,,,,,,,,,,,,,,,0.102,0.0777,0.0649,0.0405,0.1,0.0294,0.0426,0.0425,0.0591,0.058,0.0656,0.0805,0.0833
Seychelles,0.119,0.0824,0.0441,0.158,0.0401,0.0958,0.129,0.109,0.074,0.059,0.0646,0.065,0.0677,0.0622,0.0646,0.069,0.0683,0.0778,0.0817,0.0736,0.0549,0.0523,0.0208,0.0397,0.0632,0.0903,0.0573,0.0949,0.0875,0.0886,0.0396,0.104,0.0684,0.0828,0.0453,0.0878,0.138,0.17,0.186,0.199,0.165,0.134,0.578,0.0431,0.0807,0.0769,0.0286,0.0816,0.194,0.139
Sierra Leone,0.0189,0.0124,0.00817,0.0108,0.0162,0.0149,0.0143,0.00731,0.0253,0.0145,-0.017,0.00673,0.00361,0.00171,0.00539,-0.0361,-0.286,0.0562,-0.0219,0.024,0.0499,0.00962,-0.00823,-0.00971,-0.00315,0.00837,0.000705,0.00212,0.000156,0.000797,0.0613,0.00902,0.00831,0.00622,0.0422,0.055,0.0312,0.0442,0.0212,0.045,0.0925,0.323,0.19,0.0873,0.0748,0.0598,0.0375,0.053,0.0533,
Singapore,0.0484,0.0512,0.0592,0.0955,0.0652,0.0518,0.0365,0.044,0.0399,0.0899,0.104,0.117,0.0996,0.0638,0.0659,0.0546,0.092,0.136,0.144,0.0947,0.154,0.107,0.0423,0.0773,0.116,0.136,0.119,0.157,0.0695,0.218,0.161,0.189,0.0665,0.175,0.212,0.151,0.263,0.262,0.0702,0.121,0.231,0.176,0.187,0.209,0.218,0.227,0.222,0.286,0.244,0.283
Slovak Republic,,,,,,,,,,,,,,,,,,,,,,,,0.012,0.0134,0.00914,0.0126,0.00638,0.0217,0.0111,0.0748,0.0498,0.12,0.0207,0.0709,0.0625,0.0806,0.0585,0.0462,0.0171,0.0235,0.0549,0.0188,0.0102,-0.00359,0.0172,0.0529,0.0443,0.0241,0.0219
Slovenia,,,,,,,,,,,,,,,,,,,,,,,0.00847,0.00849,0.00777,0.00704,0.00806,0.0161,0.00974,0.00469,0.00669,0.024,0.0787,0.0181,0.0222,0.0268,0.0175,0.0393,0.0195,-0.00689,0.00663,0.017,0.00072,0.00215,0.0204,0.0402,0.0324,0.0246,0.0282,0.0257
Solomon Islands,,-0.0034,-0.000246,0.0127,-0.000591,0.105,0.0588,0.0476,0.0412,0.0229,0.0143,0.00123,0.00546,0.00242,0.00776,0.00291,0.0147,0.0439,0.00541,0.0349,0.0345,0.0453,0.0374,0.0569,0.00451,0.0039,0.0105,0.0596,0.0187,0.0205,0.00461,-0.0215,0.000427,-0.00303,-0.00801,0.00132,0.097,0.167,0.124,0.0813,0.244,0.129,0.0224,0.0473,0.0179,0.0279,0.0303,0.0327,0.0179,0.0212
Somalia,0.0139,0.00513,0.0108,0.00118,0.0015,0.0166,0.00273,0.0156,0.000531,0.0000169,-0.0000497,0.000157,-0.000981,-0.0112,-0.019,-0.00081,0.00329,0.0637,-0.0418,-0.0377,0.0061,,,,,,,,,,,,,,,,,,,,,,,,,,,,,
South Africa,0.0182,0.0128,0.00536,0.000935,0.0189,0.00493,0.000503,-0.003,-0.00234,-0.00841,-0.000124,0.000761,0.0042,0.000811,0.00542,-0.00766,-0.000748,-0.00216,0.00166,-0.00203,-0.000655,0.00205,0.000025,0.0000841,0.00268,0.00803,0.00553,0.025,0.00399,0.011,0.0071,0.0598,0.0128,0.00447,0.00307,0.0253,0.00229,0.022,0.0345,0.0258,0.00984,0.00994,0.0117,0.0224,0.0165,0.00479,0.00748,0.00589,0.0151,0.0132
South Korea,0.00733,0.00424,0.0457,0.000288,0.000102,0.000275,0.00271,0.00244,0.00171,0.00257,0.00072,0.00213,0.00154,0.0021,0.00229,0.00351,0.00584,0.00567,0.00648,0.00563,0.00369,0.0044,0.00282,0.00212,0.00245,0.00439,0.00456,0.00579,0.0156,0.0216,0.02,0.0119,0.00873,0.00998,0.0168,0.0146,0.0087,0.00753,0.0107,0.00956,0.0083,0.0078,0.00743,0.00931,0.00625,0.0028,0.00807,0.011,0.00708,0.00643
South Sudan,,,,,,,,,,,,,,,,,,,,,,,,,,,,,,,,,,,,,,,,,,,0.0135,-0.043,0.0000742,0.0000125,,,,
Spain,0.00542,0.00433,0.00453,0.00496,0.00368,0.00595,0.00403,0.00459,0.00734,0.00651,0.00641,0.00842,0.0091,0.00949,0.0103,0.0109,0.0137,0.0143,0.0187,0.0203,0.0261,0.0216,0.021,0.0206,0.0165,0.0135,0.0153,0.016,0.0254,0.0309,0.0679,0.0461,0.0558,0.034,0.0237,0.0234,0.0261,0.0463,0.0456,0.00643,0.0258,0.0181,0.0157,0.035,0.0241,0.0193,0.0359,0.019,0.0346,0.0133
Sri Lanka,-0.000131,0.000127,0.000118,0.000174,0.000392,0.0000376,0.0000003,-0.000297,0.000539,0.0139,0.0107,0.0112,0.0133,0.00731,0.0054,0.00438,0.00464,0.0089,0.00655,0.00283,0.0054,0.00537,0.0126,0.0188,0.0142,0.0043,0.00863,0.0285,0.0122,0.0113,0.0106,0.0109,0.0119,0.0121,0.0113,0.0112,0.017,0.0186,0.0185,0.0096,0.00842,0.0146,0.0138,0.0125,0.0113,0.00843,0.0109,0.0157,0.0182,
St. Kitts and Nevis,,,,,,,,,,,0.0146,0.0111,0.0256,0.155,0.0608,0.0721,0.0704,0.113,0.0761,0.212,0.225,0.0973,0.0517,0.0522,0.052,0.0653,0.105,0.0525,0.0833,0.142,0.222,0.186,0.16,0.155,0.105,0.161,0.171,0.195,0.237,0.175,0.153,0.134,0.115,0.132,0.171,0.14,0.12,0.0403,0.0926,
St. Lucia,,,,,,,,,,,0.181,0.196,0.145,0.0508,0.0477,0.0598,0.0427,0.0399,0.0383,0.0547,0.0773,0.0941,0.0607,0.0499,0.0456,0.0429,0.0233,0.0593,0.095,0.0902,0.0576,0.0659,0.0577,0.108,0.0717,0.0689,0.184,0.203,0.112,0.104,0.0816,0.0611,0.0472,0.0502,0.0359,0.085,0.077,0.0189,0.0194,
St. Vincent and the Grenadines,,,,,,,,,-0.00822,0.00844,0.0134,0.0049,0.0132,0.0172,0.0104,0.0124,0.0458,0.0283,0.0454,0.0493,0.0319,0.0349,0.05,0.11,0.162,0.097,0.129,0.266,0.238,0.145,0.0953,0.0489,0.0737,0.114,0.126,0.0728,0.179,0.174,0.229,0.163,0.143,0.127,0.167,0.176,0.169,0.158,0.102,0.193,0.136,
Sudan,0.000681,,0.000212,0.0000728,-0.000252,0.000232,0.000837,0.00095,0.000781,-0.000295,0.00119,0.00193,0.00182,0.000768,0.000936,-0.000245,-0.000518,0.000578,0.000131,0.000228,-0.00251,-0.0000545,0.0000128,-0.000018,0.00775,0.000868,0.0000444,0.00838,0.033,0.0347,0.032,0.0435,0.0482,0.0765,0.0704,0.0589,0.0514,0.0328,0.0303,0.0346,0.0334,0.03,0.0438,0.0292,0.0193,0.0233,0.0205,0.0235,0.0436,
Suriname,-0.0182,-0.0226,0.00965,0.0418,0.0182,0.00249,0.0021,-0.0352,-0.0184,-0.035,0.0228,0.0694,-0.0121,0.0922,-0.0821,0.0244,-0.0678,-0.132,-0.147,-0.552,-0.198,0.0413,-0.134,-0.109,-0.0499,-0.0298,0.0222,-0.00993,0.00819,-0.0694,-0.103,-0.0321,-0.0673,-0.0597,-0.0251,0.0156,-0.0622,-0.084,-0.0655,-0.0241,-0.0567,0.0329,0.034,0.0363,-0.0114,0.0384,0.074,0.0299,0.0379,0.0183
Sweden,0.00284,0.00202,0.00133,0.00141,0.00116,0.000968,0.0000544,0.000862,0.000668,0.000911,0.00177,0.0014,0.0031,0.00215,0.00266,0.00344,0.00719,0.00349,0.00808,0.00831,0.00757,0.0232,-0.0000191,0.0174,0.0274,0.0559,0.0188,0.0383,0.0862,0.23,0.0868,0.0752,0.0689,0.018,0.0438,0.053,0.0521,0.0939,0.08,0.0205,0.00126,0.0122,0.00774,0.00224,-0.0148,0.0203,0.0303,0.0487,-0.00328,0.0456
Switzerland,,,,,,,,,,,,,,0.00577,0.00731,0.0118,0.0137,0.012,0.00194,0.0124,0.0215,0.0109,0.00415,0.00646,0.0126,0.0121,0.0148,0.0293,0.0385,0.0502,0.0848,0.035,0.0274,0.0559,0.018,0.00652,0.125,0.101,0.0054,0.088,0.0303,0.0297,0.0598,-0.0362,0.0296,0.162,0.146,0.19,-0.108,-0.0261
Syria,-0.0000467,,0.0000033,-0.0000139,0.0000019,0.0000205,0.0000131,0.0000117,0,0.000004,-0.0000031,0.0000026,0.0000058,-0.0000011,0.0000029,0.000914,0.0015,0.00194,0.00255,0.00304,0.00325,0.00416,0.0043,0.00796,0.0248,0.00877,0.00645,0.00552,0.00539,0.0166,0.014,0.00521,0.00533,0.00733,0.011,0.0173,0.0198,0.0307,,,,,,,,,,,,
Tajikistan,,,,,,,,,,,,,,,,,,,,,,,0.00471,0.00547,0.00788,0.00812,0.0172,0.0195,0.0227,0.00617,0.0274,0.00879,0.0295,0.0203,0.131,0.0236,0.12,0.0968,0.0943,0.0299,0.0166,0.0224,0.0317,0.0335,0.0358,0.0578,0.0348,0.026,0.0294,0.0262
Tanzania,,,,,,,,,,,,,,,,,,,0.000737,0.00132,0.0000023,0.000002,0.00264,0.0048,0.0111,0.0228,0.0231,0.0205,0.014,0.0406,0.0346,0.0404,0.028,0.0209,0.0265,0.0508,0.0216,0.0266,0.0495,0.0328,0.0566,0.0355,0.0454,0.0457,0.0283,0.0318,0.0174,0.0176,0.0182,
Thailand,0.00604,0.00527,0.00839,0.00718,0.0137,0.00575,0.00466,0.00536,0.00232,0.00202,0.00587,0.00834,0.00522,0.00873,0.00959,0.0042,0.00609,0.00696,0.0179,0.0246,0.0286,0.0205,0.019,0.014,0.00932,0.0122,0.0128,0.0259,0.0643,0.0482,0.0266,0.0421,0.0249,0.0344,0.0339,0.0434,0.0402,0.0328,0.0294,0.0228,0.0432,0.00667,0.0324,0.0379,0.0122,0.0222,0.0068,0.018,0.0261,0.0116
Timor-Leste,,,,,,,,,,,,,,,,,,,,,,,,,,,,,,,,,,0.00921,,0.00196,0.0187,0.016,0.0612,0.066,0.0344,0.0465,0.0352,0.04,0.0234,0.0269,0.00331,0.00417,0.0306,0.0446
Togo,0.00276,0.0161,0.00357,0.00812,-0.0791,0.00844,0.00908,0.0145,0.113,0.059,0.0376,0.0106,0.0196,0.00188,-0.0138,0.0213,0.00576,0.00572,0.0094,0.00678,0.0112,0.00404,-0.00774,-0.0151,-0.00332,-0.00597,0.00154,0.00818,0.007,0.00957,0.0355,0.049,0.034,0.0217,0.0354,0.0421,0.0389,0.0235,0.0154,0.0138,0.0365,0.188,0.0314,0.0425,0.0118,0.0617,-0.0103,0.0184,-0.0338,
Tonga,,,,,,0,0,0.00117,0.0012,0,0,0,0,0,0.000311,0.000349,0.00166,0.00238,0.000545,0.00104,0.000876,0.00151,0.00908,0.00254,0.0128,0.00508,0.0013,-0.0000496,0.000242,0.00487,0.0455,0.0421,0.0257,0.0009,0.0241,0.0229,0.0374,0.0586,0.0616,0.000776,0.0126,0.0181,-0.00178,0.0139,0.0298,0.0146,0.0143,-0.013,0.0334,
Trinidad and Tobago,0.101,0.115,0.0795,0.0501,0.0588,0.0381,0.0529,0.0266,0.0362,0.0204,0.0296,0.0369,0.025,0.0152,0.0146,0.00016,-0.00303,0.00691,0.014,0.0344,0.0216,0.0319,0.0327,0.0812,0.104,0.0561,0.0617,0.174,0.121,0.0945,0.0833,0.0946,0.112,0.0715,0.0752,0.0588,0.0481,0.0384,0.1,0.037,0.0248,0.00161,-0.0739,-0.0414,0.024,0.00706,-0.00106,-0.0203,-0.0295,
Tunisia,0.0111,0.0136,0.0147,0.0212,0.0079,0.0104,0.0243,0.0183,0.0153,0.00685,0.0268,0.0351,0.0418,0.0221,0.0137,0.0128,0.00712,0.00946,0.006,0.00772,0.0063,0.0096,0.0339,0.0385,0.0276,0.0153,0.0122,0.0165,0.0298,0.0151,0.035,0.0205,0.0341,0.0197,0.019,0.0221,0.0942,0.0389,0.058,0.0351,0.0303,0.00944,0.0345,0.0229,0.0215,0.0225,0.0149,0.0204,0.0249,
Turkey,0.00339,0.00277,0.0021,0.00307,0.0018,0.00255,0.000195,0.00046,0.000522,0.000839,0.000262,0.00134,0.000852,0.000746,0.00188,0.00147,0.00165,0.00132,0.0039,0.00619,0.00475,0.0054,0.00533,0.00376,0.00465,0.00522,0.00398,0.00424,0.00341,0.00306,0.0036,0.0167,0.00454,0.00546,0.00688,0.02,0.0365,0.0326,0.026,0.0133,0.0118,0.0194,0.0157,0.0143,0.0143,0.0224,0.0161,0.013,0.0169,0.0112
Turkmenistan,,,,,,,,,,,,,,,,,,,,,,,0,0.0248,0.0402,0.0939,0.0454,0.044,0.0239,0.051,0.0451,0.0481,0.0619,0.0378,0.0517,0.0516,0.0711,0.0676,0.0663,0.225,0.161,0.116,0.089,0.073,0.088,0.085,0.062,0.055,0.0487,
Tuvalu,,,,,,,,,,,,,,,,,,,,,,,,,,,,,,,,-0.000706,-0.000633,-0.000602,-0.000543,-0.000523,-0.000462,-0.000409,0.0557,0.0646,0.0143,-0.00308,0.0352,0.00898,0.00804,0.00845,0.00821,0.00739,0.00702,
Uganda,0.00333,-0.000846,-0.00798,0.00305,0.000809,0.00089,0.000838,0.000272,0.000814,0.000935,0.00321,0,0.000928,0,0,-0.00114,0,0,0.000722,-0.000334,-0.00137,0.000301,0.00105,0.017,0.0221,0.0211,0.02,0.0279,0.0319,0.0234,0.0259,0.0259,0.0299,0.0319,0.0372,0.0421,0.0648,0.0645,0.0512,0.0338,0.0206,0.0323,0.0445,0.0382,0.0327,0.023,0.0216,0.0261,0.0322,0.0368
Ukraine,,,,,,,,,,,,,,,,,,,,,,,0.0027,0.00305,0.00303,0.00554,0.0117,0.0124,0.0177,0.0157,0.019,0.0209,0.0164,0.0284,0.0265,0.0907,0.0521,0.0715,0.0595,0.0407,0.0474,0.0442,0.0465,0.0246,0.00634,0.0335,0.0369,0.0252,0.0189,0.0198
United Arab Emirates,,,,,,0.00108,0.00257,0.00451,0.00165,0.00207,0.00224,-0.000343,0.00204,0.00106,0.00407,-0.00544,0.00325,0.00128,0.00521,0.000935,-0.00228,0.000503,0.00239,0.00721,0.00105,0.00608,0.00408,0.00295,0.0034,-0.0117,-0.00485,0.0115,0.000868,0.0342,0.0677,0.0603,0.0577,0.055,0.016,0.00447,0.0304,0.0204,0.0255,0.025,0.0275,0.0239,0.0269,0.0269,0.0246,
United Kingdom,0.0114,0.012,0.00711,0.0141,0.0212,0.0137,0.0129,0.0168,0.0113,0.0147,0.0179,0.0109,0.0105,0.0106,-0.000753,0.0112,0.0142,0.0175,0.029,0.0292,0.0378,0.0203,0.0195,0.0185,0.0172,0.0217,0.0229,0.0329,0.0665,0.0772,0.099,0.0342,0.0503,0.0175,0.036,0.0995,0.075,0.0676,0.0867,0.00603,0.027,0.0102,0.0173,0.0196,0.0192,0.0155,0.121,0.0455,0.0284,0.00956
United States,0.00114,0.000661,0.000993,0.00135,0.00229,0.00137,0.00155,0.0014,0.00234,0.00306,0.00586,0.00801,0.00635,0.00316,0.00625,0.00222,0.00676,0.013,0.0109,0.0134,0.0119,0.00561,0.00465,0.00732,0.00768,0.00904,0.0121,0.0142,0.0233,0.0324,0.0341,0.0163,0.0102,0.0102,0.0175,0.0109,0.0216,0.024,0.0232,0.0111,0.0176,0.017,0.0155,0.0172,0.0144,0.0279,0.0264,0.0182,0.0126,0.0145
Uruguay,0.000997,-0.000296,-0.000521,0.000351,-0.0000196,0.0064,0.000859,0.016,0.0262,0.03,0.0285,0.0044,-0.00149,0.0011,0.000701,-0.00167,0.00629,0.0068,0.0057,0.00447,0.00447,0.00289,0.000877,0.00677,0.00884,0.00811,0.00667,0.00472,0.00646,0.00981,0.0115,0.0149,0.0132,0.0334,0.0258,0.0476,0.077,0.058,0.0705,0.0506,0.0544,0.0561,0.118,0.0132,0.0669,0.0454,-0.00397,0.0446,0.0197,0.0134
Uzbekistan,,,,,,,,,,,,,,,,,,,,,,,0.000695,0.00366,0.00566,-0.0018,0.00645,0.0113,0.00931,0.0071,0.00543,0.00726,0.00674,0.00815,0.0147,0.0134,0.01,0.0316,0.0241,0.025,0.0351,0.0289,0.00885,0.0092,0.0105,0.0127,0.0203,0.0304,0.0124,0.0395
Vanuatu,,,,,,,,,,0.041,0.0409,0.0721,0.0706,0.0533,0.0549,0.0374,0.017,0.0985,0.0728,0.0635,0.0828,0.135,0.135,0.138,0.136,0.133,0.134,0.118,0.0777,0.05,0.0745,0.0698,0.0539,0.0573,0.0544,0.0336,0.0989,0.0649,0.062,0.0527,0.0901,0.0772,0.0773,0.0741,0.0163,0.0408,0.0549,0.0434,0.0415,
Venezuela,-0.00199,0.0162,-0.0269,-0.00493,-0.0165,0.0152,-0.0283,-0.0000828,0.0017,0.00182,0.00093,0.00277,0.00379,0.00127,0.0003,0.0011,0.000265,0.000437,0.00148,0.00489,0.00928,0.0358,0.0104,0.00619,0.0137,0.0129,0.0309,0.0722,0.055,0.0299,0.0401,0.0301,0.00819,0.0188,0.0132,0.0168,0.00108,0.0189,0.00659,-0.00345,0.00403,0.0185,0.0131,0.00578,0.00235,,,,,
Vietnam,,,,,,,,,,,,,,,,-0.0000057,0.0000015,0.000283,0.000302,0.000647,0.0278,0.039,0.048,0.0703,0.119,0.0859,0.0971,0.0827,0.0614,0.0492,0.0416,0.0398,0.0399,0.0367,0.0354,0.0339,0.0362,0.0865,0.0966,0.0717,0.069,0.0548,0.0537,0.052,0.0494,0.0611,0.0614,0.063,0.0632,
Yemen,,,,,,,,,,,,,,,,,,,,,-0.0232,0.0476,0.111,0.168,0.00379,-0.0511,-0.0104,-0.0203,-0.0347,-0.0403,0.000663,0.0157,0.0107,-0.00757,0.0103,-0.018,0.0588,0.0424,0.0578,0.00514,0.0061,-0.0158,-0.000402,-0.00331,-0.0054,-0.000418,-0.02,-0.011,-0.0102,
Zambia,0.00522,0.00499,0.0152,0.0141,0.0122,0.0145,0.0113,0.0173,0.0137,0.0106,0.0161,-0.00992,0.00976,0.00799,0.00628,0.0226,0.017,0.0328,0.0251,0.0409,0.0617,0.0102,0.0141,0.0961,0.0109,0.0281,0.0353,0.0482,0.056,0.0476,0.0338,0.0354,0.0711,0.0708,0.0585,0.0428,0.0483,0.0942,0.0524,0.0453,0.0853,0.0473,0.0679,0.0749,0.0555,0.0745,0.0316,0.0428,0.0151,0.0209
Zimbabwe,0.00991,0.01,0.00877,0.00921,0.00837,0.0066,0.00674,-0.000874,0.000579,0.0000284,0.000232,0.000443,-0.0000985,-0.000267,-0.000392,0.000505,0.0012,-0.00453,-0.00231,-0.00123,-0.00139,0.000323,0.00221,0.00426,0.00503,0.0166,0.00946,0.0158,0.0694,0.0086,0.00347,0.000561,0.00408,0.000664,0.0015,0.0179,0.00735,0.013,0.0117,0.0109,0.0102,0.0244,0.0204,0.0195,0.0243,0.02,0.0167,0.0112,0.0306,
